title,posted,rate,proposals,url
French - English Copy Writing,1 day ago,$100,30,https://www.peopleperhour.com/freelance-jobs/translation/french/french-english-copy-writing-2761188
I need a copy writing and flyer design.,3 weeks ago,$200,39,https://www.peopleperhour.com/freelance-jobs/design/other/i-need-a-copy-writing-and-flyer-design-2732765
Website Copywriting,13 hours ago,$26/hr,17,https://www.peopleperhour.com/freelance-jobs/writing/website-content/website-copywriting-2761693
Looking for someone that good write copy for websites.,4 weeks ago,$712,44,https://www.peopleperhour.com/freelance-jobs/writing/other/looking-for-someone-that-good-write-copy-for-websites-2730397
Copy writing for legal website,4 weeks ago,$37/hr,20,https://www.peopleperhour.com/freelance-jobs/marketing-pr/general-communications/copy-writing-for-legal-website-2728266
Copy For Virtual Assistant Website,2 days ago,$77,26,https://www.peopleperhour.com/freelance-jobs/writing/website-content/copy-for-virtual-assistant-website-2760163
Write a Screenplay,3 days ago,$142,12,https://www.peopleperhour.com/freelance-jobs/writing/screen-script-writing/write-a-screenplay-2759307
Advertorial & Content writing,1 hour ago,$$,28,https://www.peopleperhour.com/freelance-jobs/writing/website-content/advertorial-content-writing-2758420
Policy writing,6 days ago,$30,22,https://www.peopleperhour.com/freelance-jobs/business-support/business-development/policy-writing-2755469
Seasoned Copywriter,1 week ago,$237,32,https://www.peopleperhour.com/freelance-jobs/writing/copywriting/seasoned-copywriter-2754416
I need someone to write content on my web pages.,5 days ago,$25,31,https://www.peopleperhour.com/freelance-jobs/writing/website-content/i-need-someone-to-write-content-on-my-web-pages-2756518
Crowdfunding writing expert,6 days ago,$119,8,https://www.peopleperhour.com/freelance-jobs/writing/technical-writing/crowdfunding-writing-expert-2756329
Script  Writing,2 weeks ago,$25,11,https://www.peopleperhour.com/freelance-jobs/writing/screen-script-writing/script-writing-2748048
Content Writing,2 weeks ago,$18,28,https://www.peopleperhour.com/freelance-jobs/writing/creative-writing/content-writing-2748769
Telecon interview with a company in France & answers in English,1 week ago,$89,14,https://www.peopleperhour.com/freelance-jobs/translation/french/telecon-interview-with-a-company-in-france-answers-in-engl-2752247
Content writing - Article writing Oil and GAS,1 week ago,$24,20,https://www.peopleperhour.com/freelance-jobs/marketing-pr/general-communications/content-writing-article-writing-oil-and-gas-2747753
THINKIFIC / BUILD A LANDING PAGE + (LEAD MAGNET-funnel) - URGENT,4 days ago,$8,9,https://www.peopleperhour.com/freelance-jobs/web-development/custom-website/thinkific-build-a-landing-page-lead-magnet-funnel-ur-2758058
Write The best Landing Page content for Ads and PPC,2 weeks ago,$90,16,https://www.peopleperhour.com/freelance-jobs/writing/copywriting/write-the-best-landing-page-content-for-ads-and-ppc-2743615
Urgent blog writing & optimisation,2 days ago,$11/hr,19,https://www.peopleperhour.com/freelance-jobs/writing/blog-article-writing/urgent-blog-writing-optimisation-2759460
Urgent blog writing & optimisation,3 days ago,$15/hr,29,https://www.peopleperhour.com/freelance-jobs/writing/blog-article-writing/urgent-blog-writing-optimisation-2759370
HiI'm looking at hiring someone to write,1 week ago,$300,58,https://www.peopleperhour.com/freelance-jobs/writing/website-content/hii-m-looking-at-hiring-someone-to-write-2754041
CV writing,2 weeks ago,$117,49,https://www.peopleperhour.com/freelance-jobs/writing/other/cv-writing-2746914
Copy of a men's short sleeved button down shirt,1 week ago,$$,3,https://www.peopleperhour.com/freelance-jobs/design/other/copy-of-a-men-s-short-sleeved-button-down-shirt-2749774
Cyber security / technology personal blog ghostwriter,1 week ago,$101,23,https://www.peopleperhour.com/freelance-jobs/writing/ghost-writing/cyber-security-technology-personal-blog-ghostwriter-2750883
I need a copy of a agency contract typing up in word format.,1 week ago,$24,96,https://www.peopleperhour.com/freelance-jobs/admin/word-processing/i-need-a-copy-of-a-agency-contract-typing-up-in-word-format-2752650
Fill content on WP site (copy from similar sites via google),1 week ago,$30,20,https://www.peopleperhour.com/freelance-jobs/web-development/wordpress/fill-content-on-wp-site-copy-from-similar-sites-via-google-2752183
Looking for copywriters for ad copies,3 weeks ago,$150,24,https://www.peopleperhour.com/freelance-jobs/writing/creative-writing/looking-for-copywriters-for-ad-copies-2735877
I need work with Autocad,4 days ago,$20,44,https://www.peopleperhour.com/freelance-jobs/design/cad/i-need-work-with-autocad-2758002
Copy writer,4 weeks ago,$100,40,https://www.peopleperhour.com/freelance-jobs/marketing-pr/lead-generation/copy-writer-2728142
Mobile App Content Writing,6 days ago,$$,25,https://www.peopleperhour.com/freelance-jobs/writing/other/mobile-app-content-writing-2756393
Writing fintech blog articles in English,1 day ago,$50,14,https://www.peopleperhour.com/freelance-jobs/writing/technical-writing/writing-fintech-blog-articles-in-english-2760971
I need a professional writer who can write scientifically,6 days ago,$150,38,https://www.peopleperhour.com/freelance-jobs/writing/technical-writing/i-need-a-professional-writer-who-can-write-scientifically-2755383
Blog Writer Needed,3 weeks ago,$75,61,https://www.peopleperhour.com/freelance-jobs/writing/blog-article-writing/blog-writer-needed-2736144
CV and resume writing - need completed today,2 days ago,$108,25,https://www.peopleperhour.com/freelance-jobs/writing/cv-cover-letter/cv-and-resume-writing-need-completed-today-2759736
Mobile Edting Related Article SEO Writing,2 days ago,$300,30,https://www.peopleperhour.com/freelance-jobs/writing/blog-article-writing/mobile-edting-related-article-seo-writing-2759532
Journalist to write a newsletter article,7 days ago,$119,11,https://www.peopleperhour.com/freelance-jobs/writing/other/journalist-to-write-a-newsletter-article-2754841
I need a writer who can write the conclusion,2 weeks ago,$10/hr,26,https://www.peopleperhour.com/freelance-jobs/writing/technical-writing/i-need-a-writer-who-can-write-the-conclusion-2748607
I need content writer to write SOP for me,1 week ago,$15,6,https://www.peopleperhour.com/freelance-jobs/writing/letter/i-need-content-writer-to-write-sop-for-me-2754392
Content Writing for Corporate Brochure,1 week ago,$$,23,https://www.peopleperhour.com/freelance-jobs/marketing-pr/offline-marketing/content-writing-for-corporate-brochure-2753567
Product and department content writing,1 week ago,$356,27,https://www.peopleperhour.com/freelance-jobs/writing/technical-writing/product-and-department-content-writing-2752802
Write a compelling advert,2 weeks ago,$18,16,https://www.peopleperhour.com/freelance-jobs/writing/creative-writing/write-a-compelling-advert-2746031
Safeguarding Children Training Package Writing,5 days ago,$,7,https://www.peopleperhour.com/freelance-jobs/writing/other/safeguarding-children-training-package-writing-2728169
I need to write 10- 20 DVD Review articles,1 day ago,$15,32,https://www.peopleperhour.com/freelance-jobs/writing/blog-article-writing/i-need-to-write-10-20-dvd-review-articles-2760880
Content writing and designing company profile,5 days ago,$101,26,https://www.peopleperhour.com/freelance-jobs/writing/company-profile/content-writing-and-designing-company-profile-2756614
PDF Photoshop editing required for 250 files,2 days ago,$119,71,https://www.peopleperhour.com/freelance-jobs/video-photo-audio/photo-retouching-editing/pdf-photoshop-editing-required-for-250-files-2759877
Content Writing,3 weeks ago,$117,44,https://www.peopleperhour.com/freelance-jobs/writing/other/content-writing-2738056
Blog Writing For Website,2 weeks ago,$1.4k,48,https://www.peopleperhour.com/freelance-jobs/writing/blog-article-writing/blog-writing-for-website-2743966
Rewrite articles about fuel  for the blog (SEO-optimisation),24 hours ago,$30,23,https://www.peopleperhour.com/freelance-jobs/search-marketing/keyword-research/rewrite-articles-about-fuel-for-the-blog-seo-optimisation-2761399
Re-Type document on word and save as PDF file,2 hours ago,$36,94,https://www.peopleperhour.com/freelance-jobs/admin/other/re-type-document-on-word-and-save-as-pdf-file-2762417
Need copy of 3 pre-built woocommerce websites,2 weeks ago,$20,12,https://www.peopleperhour.com/freelance-jobs/web-development/wordpress/need-copy-of-3-pre-built-woocommerce-websites-2743957
Website content writing around 5 pages must have example of property site,3 days ago,$18/hr,25,https://www.peopleperhour.com/freelance-jobs/admin/other/website-content-writing-around-5-pages-must-have-example-of-2743375
SEO Copywriter,4 weeks ago,$129,21,https://www.peopleperhour.com/freelance-jobs/writing/copywriting/seo-copywriter-2729877
"I need a writer who can write Novels, stories etc",2 weeks ago,$10/hr,34,https://www.peopleperhour.com/freelance-jobs/writing/e-book/i-need-a-writer-who-can-write-novels-stories-etc-2748459
Blog Writing,3 weeks ago,$15,51,https://www.peopleperhour.com/freelance-jobs/writing/blog-article-writing/blog-writing-2735489
Creative Digital Copywriter,2 weeks ago,$415,36,https://www.peopleperhour.com/freelance-jobs/writing/copywriting/creative-digital-copywriter-2748101
Woodworking / Furniture making expert [How-to Guide Writing Job],13 hours ago,$240,9,https://www.peopleperhour.com/freelance-jobs/writing/blog-article-writing/woodworking-furniture-making-expert-how-to-guide-writing-2761771
Influencer Media Kit,23 hours ago,$30,7,https://www.peopleperhour.com/freelance-jobs/marketing-pr/other/influencer-media-kit-2761421
Help writing a biography,3 weeks ago,$119,40,https://www.peopleperhour.com/freelance-jobs/writing/ghost-writing/help-writing-a-biography-2734242
Good bloggers to help me write articles about manufacturing.,1 week ago,$20,21,https://www.peopleperhour.com/freelance-jobs/writing/blog-article-writing/good-bloggers-to-help-me-write-articles-about-manufacturing-2752349
Professional content writing for residential property company,5 days ago,$119,27,https://www.peopleperhour.com/freelance-jobs/writing/website-content/professional-content-writing-for-residential-property-compan-2757225
Pattern Grader,2 days ago,$119,17,https://www.peopleperhour.com/freelance-jobs/design/other/pattern-grader-2759945
Some small adjustments on my logo,2 days ago,$30,50,https://www.peopleperhour.com/freelance-jobs/design/logo-design/some-small-adjustments-on-my-logo-2760287
Requirement: Copywriter,2 days ago,$100,13,https://www.peopleperhour.com/freelance-jobs/writing/copywriting/requirement-copywriter-2759929
I need a write up,4 weeks ago,$59,38,https://www.peopleperhour.com/freelance-jobs/admin/other/i-need-a-write-up-2724635
We need content writers to write 3-5 articles per week.,2 days ago,$100,38,https://www.peopleperhour.com/freelance-jobs/writing/website-content/we-need-content-writers-to-write-3-5-articles-per-week-2760588
Content Writers Needed to Write Unique Cannabis Content,2 days ago,$37,21,https://www.peopleperhour.com/freelance-jobs/writing/blog-article-writing/content-writers-needed-to-write-unique-cannabis-content-2760504
Reviewing (and potentially re-writing) a CV,3 weeks ago,$59,64,https://www.peopleperhour.com/freelance-jobs/writing/cv-cover-letter/reviewing-and-potentially-re-writing-a-cv-2739770
I need someone to help me write a letter of introduction in Chin,2 weeks ago,$115,19,https://www.peopleperhour.com/freelance-jobs/writing/other/i-need-someone-to-help-me-write-a-letter-of-introduction-in-2745443
**24 HOURS PROJECT**  COPY WRITER REQUIRED TO CHANGE WEBSITE TXT,1 week ago,$119,18,https://www.peopleperhour.com/freelance-jobs/writing/copywriting/24-hours-project-copy-writer-required-to-change-website-2752978
Content Writing Job for Established Footwear Site,6 days ago,$20,20,https://www.peopleperhour.com/freelance-jobs/writing/blog-article-writing/content-writing-job-for-established-footwear-site-2755486
5 SEO Articles Needed.,3 days ago,$95,38,https://www.peopleperhour.com/freelance-jobs/writing/website-content/5-seo-articles-needed-2758266
Posters and catalogues for Supermarket products.,3 days ago,$30/hr,38,https://www.peopleperhour.com/freelance-jobs/design/other/posters-and-catalogues-for-supermarket-products-2758281
Social media and Email content creation,3 weeks ago,$148,20,https://www.peopleperhour.com/freelance-jobs/social-media/community-management/social-media-and-email-content-creation-2735568
Copywriting for blog post,2 weeks ago,$18,26,https://www.peopleperhour.com/freelance-jobs/writing/other/copywriting-for-blog-post-2744696
I need to cutom two templates and buld two website,2 weeks ago,$119,47,https://www.peopleperhour.com/freelance-jobs/web-development/custom-website/i-need-to-cutom-two-templates-and-buld-two-website-2748624
Intellectual property digital facebook,4 days ago,$59/hr,11,https://www.peopleperhour.com/freelance-jobs/business-support/legal/intellectual-property-digital-facebook-2757555
Content Writing - Conferences Incorporating Sustainability,2 weeks ago,$34,10,https://www.peopleperhour.com/freelance-jobs/writing/blog-article-writing/content-writing-conferences-incorporating-sustainability-2748700
Help with writing content for Children's workshop,2 weeks ago,$117,28,https://www.peopleperhour.com/freelance-jobs/writing/other/help-with-writing-content-for-children-s-workshop-2743169
Dxf files for drawer unit and table top with fittings,6 days ago,$326,4,https://www.peopleperhour.com/freelance-jobs/software-development/other/dxf-files-for-drawer-unit-and-table-top-with-fittings-2755871
Write An Outline And Some Research About London's Clubs,2 weeks ago,$119,11,https://www.peopleperhour.com/freelance-jobs/writing/other/write-an-outline-and-some-research-about-london-s-clubs-2748450
Company Profile,1 week ago,$200,28,https://www.peopleperhour.com/freelance-jobs/design/brochure-flyer-leaflet/company-profile-2749775
Commercial contracts and Agreements - Ad Hoc Basis,2 days ago,$307,16,https://www.peopleperhour.com/freelance-jobs/business-support/legal/commercial-contracts-and-agreements-ad-hoc-basis-2759505
Create ERC-20 token and write White Paper,4 days ago,$2.6k,5,https://www.peopleperhour.com/freelance-jobs/software-development/other/create-erc-20-token-and-write-white-paper-2756385
Need a writer to write 5 articles about iOS device,2 weeks ago,$100,28,https://www.peopleperhour.com/freelance-jobs/writing/blog-article-writing/need-a-writer-to-write-5-articles-about-ios-device-2744364
I need someone to hand write thank you notes for my customers,2 weeks ago,$47,33,https://www.peopleperhour.com/freelance-jobs/writing/other/i-need-someone-to-hand-write-thank-you-notes-for-my-customer-2742183
20 Business Cards,1 week ago,$22,55,https://www.peopleperhour.com/freelance-jobs/design/business-card-stationery/20-business-cards-2750021
Dutch Language E-commerce Site Translation,5 days ago,$591,14,https://www.peopleperhour.com/freelance-jobs/translation/other/dutch-language-e-commerce-site-translation-2756615
Urgent national press release writing,2 weeks ago,$59,16,https://www.peopleperhour.com/freelance-jobs/writing/blog-article-writing/urgent-national-press-release-writing-2747179
Social Media Marketer,2 days ago,$600,13,https://www.peopleperhour.com/freelance-jobs/marketing-pr/other/social-media-marketer-2760277
Urban planning and development,58 minutes ago,$593,6,https://www.peopleperhour.com/freelance-jobs/writing/other/urban-planning-and-development-2762473
Landing Page Design and Build using Carrd.co,6 days ago,$172,18,https://www.peopleperhour.com/freelance-jobs/web-development/custom-website/landing-page-design-and-build-using-carrd-co-2755393
Content writing & Website improvemts,3 weeks ago,$$,14,https://www.peopleperhour.com/freelance-jobs/writing/creative-writing/content-writing-website-improvemts-2735084
Copywriter needed to write descriptions for designs in portfolio,1 week ago,$12,18,https://www.peopleperhour.com/freelance-jobs/writing/product-description-review/copywriter-needed-to-write-descriptions-for-designs-in-portf-2750851
Need someone to help with my business plan,1 day ago,$24/hr,38,https://www.peopleperhour.com/freelance-jobs/business-support/business-plan/need-someone-to-help-with-my-business-plan-2760906
Write and post 30 word text,2 weeks ago,$10,118,https://www.peopleperhour.com/freelance-jobs/admin/data-entry/write-and-post-30-word-text-2745408
I need a professional design website for my business.,3 hours ago,$70,26,https://www.peopleperhour.com/freelance-jobs/web-development/wordpress/i-need-a-professional-design-website-for-my-business-2762303
Clean Zoho | clean spreadsheet data | write Zoho best practice,4 days ago,$$,13,https://www.peopleperhour.com/freelance-jobs/marketing-pr/other/clean-zoho-clean-spreadsheet-data-write-zoho-best-practi-2758013
Transcribe appr6 60 pages  of cursive handwriting to Word file.,3 days ago,$103,89,https://www.peopleperhour.com/freelance-jobs/admin/transcription/transcribe-appr6-60-pages-of-cursive-handwriting-to-word-fi-2758152
Blog Writer - Experience In Digital Marketing Content Writing,1 week ago,$95,24,https://www.peopleperhour.com/freelance-jobs/search-marketing/article-submission/blog-writer-experience-in-digital-marketing-content-writin-2754666
Creative Writer Intern - On Site Wimbledon / London,2 weeks ago,$9/hr,2,https://www.peopleperhour.com/freelance-jobs/writing/creative-writing/creative-writer-intern-on-site-wimbledon-london-2744659
I need an English copywriter for making my website's copies,4 weeks ago,$150,31,https://www.peopleperhour.com/freelance-jobs/writing/website-content/i-need-an-english-copywriter-for-making-my-website-s-copies-2729178
Need informational blog article writer,5 days ago,$81,36,https://www.peopleperhour.com/freelance-jobs/writing/blog-article-writing/need-informational-blog-article-writer-2756683
Need a PPC Specialist Fluent in Spanish - Spanish Market,4 weeks ago,$30/hr,10,https://www.peopleperhour.com/freelance-jobs/search-marketing/google-adwords/need-a-ppc-specialist-fluent-in-spanish-spanish-market-2727017
Blog and content writing for UK accountant,2 weeks ago,$24,23,https://www.peopleperhour.com/freelance-jobs/writing/blog-article-writing/blog-and-content-writing-for-uk-accountant-2743790
UK Energy Switching Landing Page Copy,4 weeks ago,$36,18,https://www.peopleperhour.com/freelance-jobs/writing/website-content/uk-energy-switching-landing-page-copy-2728307
I need help in writing good Statement of Purpose for a UK University Admission,1 week ago,$59,18,https://www.peopleperhour.com/freelance-jobs/writing/creative-writing/i-need-help-in-writing-good-statement-of-purpose-for-a-uk-un-2753293
We need a Content Writer for Website,4 days ago,$200,9,https://www.peopleperhour.com/freelance-jobs/writing/blog-article-writing/we-need-a-content-writer-for-website-2757310
Fourtune telling application,3 hours ago,$200,11,https://www.peopleperhour.com/freelance-jobs/mobile/iphone-app/fourtune-telling-application-2762306
Internet market research,20 hours ago,$100,30,https://www.peopleperhour.com/freelance-jobs/writing/other/internet-market-research-2761651
"Improve font style, size, heading etc  on WordPress website",1 week ago,$109,47,https://www.peopleperhour.com/freelance-jobs/design/website-design/improve-font-style-size-heading-etc-on-wordpress-website-2750176
Travel blog writer,2 hours ago,$30,25,https://www.peopleperhour.com/freelance-jobs/writing/blog-article-writing/travel-blog-writer-2762383
I want to created a project about Facebook videos,5 days ago,$31/hr,13,https://www.peopleperhour.com/freelance-jobs/social-media/facebook/i-want-to-created-a-project-about-facebook-videos-2756443
Small script writing / vector type mark,2 weeks ago,$30,20,https://www.peopleperhour.com/freelance-jobs/design/illustration-graphics/small-script-writing-vector-type-mark-2747076
Digital Marketing Assistant,4 weeks ago,$12/hr,25,https://www.peopleperhour.com/freelance-jobs/marketing-pr/other/digital-marketing-assistant-2730310
Content Writer,1 week ago,$350,32,https://www.peopleperhour.com/freelance-jobs/writing/website-content/content-writer-2752581
Write article about personal developement - David Goggins.,2 weeks ago,$59,46,https://www.peopleperhour.com/freelance-jobs/writing/blog-article-writing/write-article-about-personal-developement-david-goggins-2746683
Create 100 million tokens ERC-20 and write White Paper.,6 days ago,$1.5k,18,https://www.peopleperhour.com/freelance-jobs/software-development/script/create-100-million-tokens-erc-20-and-write-white-paper-2755292
Book.. coming soon trailer,2 weeks ago,$24/hr,20,https://www.peopleperhour.com/freelance-jobs/video-photo-audio/promotional-videos/book-coming-soon-trailer-2746733
Photo album project,4 days ago,$600,23,https://www.peopleperhour.com/freelance-jobs/web-development/other/photo-album-project-2757900
Facebook Ads Manager,2 weeks ago,$42/hr,25,https://www.peopleperhour.com/freelance-jobs/social-media/facebook/facebook-ads-manager-2747671
Tester required for testing mobile app in Android and iOS,1 day ago,$75,19,https://www.peopleperhour.com/freelance-jobs/software-development/other/tester-required-for-testing-mobile-app-in-android-and-ios-2760724
Help writing my cv for property management assistant jobs,2 weeks ago,$59,40,https://www.peopleperhour.com/freelance-jobs/writing/cv-cover-letter/help-writing-my-cv-for-property-management-assistant-jobs-2746052
Looking for android developer to make plugin & write JNI class.,2 weeks ago,$20,7,https://www.peopleperhour.com/freelance-jobs/software-development/java-programming/looking-for-android-developer-to-make-plugin-write-jni-cla-2745797
IOS developer to write a comprehensive documentation for our app,2 weeks ago,$164,8,https://www.peopleperhour.com/freelance-jobs/software-development/application-development/ios-developer-to-write-a-comprehensive-documentation-for-our-2745779
Chinese Business Expansion,5 days ago,$616,12,https://www.peopleperhour.com/freelance-jobs/business-support/other/chinese-business-expansion-2756644
2 X N244 FORMS AND A REMOVAL OF A JUDGEMENT UK ONLY,4 days ago,$119,11,https://www.peopleperhour.com/freelance-jobs/business-support/legal/2-x-n244-forms-and-a-removal-of-a-judgement-uk-only-2757383
"Health, nutrition and science writer for blog content",3 hours ago,$60,8,https://www.peopleperhour.com/freelance-jobs/writing/blog-article-writing/health-nutrition-and-science-writer-for-blog-content-2762348
"I need to write my professional CV, cover letter & linkedin acc",2 weeks ago,$107,44,https://www.peopleperhour.com/freelance-jobs/business-support/other/i-need-to-write-my-professional-cv-cover-letter-linkedin-2749413
Need a blogger with medical background,3 days ago,$28/hr,35,https://www.peopleperhour.com/freelance-jobs/writing/blog-article-writing/need-a-blogger-with-medical-background-2759333
"Audio to Text Transcriptions, Product Writer, all in English",4 hours ago,$400,37,https://www.peopleperhour.com/freelance-jobs/admin/transcription/audio-to-text-transcriptions-product-writer-all-in-english-2762217
SEO-Friendly Blog Writing,3 weeks ago,$107,42,https://www.peopleperhour.com/freelance-jobs/writing/blog-article-writing/seo-friendly-blog-writing-2733904
Write and publish a press release,3 weeks ago,$135,15,https://www.peopleperhour.com/freelance-jobs/marketing-pr/press-releases/write-and-publish-a-press-release-2733791
I need to write some SEO articles,4 weeks ago,$12,30,https://www.peopleperhour.com/freelance-jobs/writing/blog-article-writing/i-need-to-write-some-seo-articles-2722415
I need posts/ newsletter writing on LinkedIn,3 weeks ago,$164,18,https://www.peopleperhour.com/freelance-jobs/social-media/linkedin/i-need-posts-newsletter-writing-on-linkedin-2733687
An A5 brochure,3 days ago,$71,68,https://www.peopleperhour.com/freelance-jobs/design/brochure-flyer-leaflet/an-a5-brochure-2758966
"Author of scientific articles(Economics, Journalism)",5 hours ago,$150,4,https://www.peopleperhour.com/freelance-jobs/writing/ghost-writing/author-of-scientific-articles-economics-journalism-2762152
I need a professional wordpress travel website design,5 days ago,$500,39,https://www.peopleperhour.com/freelance-jobs/writing/blog-article-writing/i-need-a-professional-wordpress-travel-website-design-2756560
Content rewriter,2 weeks ago,$186,24,https://www.peopleperhour.com/freelance-jobs/marketing-pr/other/content-rewriter-2749399
Tender writing for a bid,4 weeks ago,$71,22,https://www.peopleperhour.com/freelance-jobs/writing/other/tender-writing-for-a-bid-2726453
I need a ghost writer to create a healthy eating book,13 hours ago,$101,20,https://www.peopleperhour.com/freelance-jobs/writing/ghost-writing/i-need-a-ghost-writer-to-create-a-healthy-eating-book-2761783
Create ERC-20 token,4 days ago,$2.6k,7,https://www.peopleperhour.com/freelance-jobs/software-development/other/create-erc-20-token-2757289
HR Content Writing,4 weeks ago,$55,39,https://www.peopleperhour.com/freelance-jobs/writing/other/hr-content-writing-2725745
Resume writer,2 weeks ago,$30/hr,33,https://www.peopleperhour.com/freelance-jobs/writing/report-writing/resume-writer-2741419
German SEO-keywords-search expert,1 day ago,$200,9,https://www.peopleperhour.com/freelance-jobs/search-marketing/on-site-seo/german-seo-keywords-search-expert-2760725
Subtitles needed for short youtube videos,4 hours ago,$18,24,https://www.peopleperhour.com/freelance-jobs/video-photo-audio/other/subtitles-needed-for-short-youtube-videos-2762194
Long term technical writer for programming how-to type articles,4 weeks ago,$130,24,https://www.peopleperhour.com/freelance-jobs/writing/other/long-term-technical-writer-for-programming-how-to-type-artic-2726406
Social media Expert,2 days ago,$20,24,https://www.peopleperhour.com/freelance-jobs/social-media/social-media-strategy/social-media-expert-2759835
Write a bid-proposal,4 weeks ago,$$$,14,https://www.peopleperhour.com/freelance-jobs/writing/technical-writing/write-a-bid-proposal-2724949
Blogger With a law Background To write blogs,3 weeks ago,$60,22,https://www.peopleperhour.com/freelance-jobs/writing/blog-article-writing/blogger-with-a-law-background-to-write-blogs-2738216
Look for freelancer writer-20200312,1 week ago,$20,23,https://www.peopleperhour.com/freelance-jobs/writing/technical-writing/look-for-freelancer-writer-20200312-2754769
We’re looking for a UK based Instagram poster,4 days ago,$237,25,https://www.peopleperhour.com/freelance-jobs/social-media/social-media-strategy/we-re-looking-for-a-uk-based-instagram-poster-2757433
Design for 6 new pages for my website,1 week ago,$$,2,https://www.peopleperhour.com/freelance-jobs/web-development/other/design-for-6-new-pages-for-my-website-2754546
Ghostwriter (Digital Marketing),6 days ago,$38/hr,19,https://www.peopleperhour.com/freelance-jobs/writing/other/ghostwriter-digital-marketing-2755790
Proposal letter to persuade landlords to use a letting agent.,1 week ago,$95,10,https://www.peopleperhour.com/freelance-jobs/writing/letter/proposal-letter-to-persuade-landlords-to-use-a-letting-agent-2753878
Content writer for social media,1 week ago,$30,21,https://www.peopleperhour.com/freelance-jobs/writing/other/content-writer-for-social-media-2752338
Blog Writing - Software Technology Related Topics,3 weeks ago,$50,23,https://www.peopleperhour.com/freelance-jobs/writing/blog-article-writing/blog-writing-software-technology-related-topics-2737137
Data Submission Based Project,2 weeks ago,$12/hr,92,https://www.peopleperhour.com/freelance-jobs/admin/data-entry/data-submission-based-project-2748825
Academic proofreading,1 week ago,$273,59,https://www.peopleperhour.com/freelance-jobs/writing/editing-proofreading/academic-proofreading-2752868
Author of scientific articles,3 days ago,$200,15,https://www.peopleperhour.com/freelance-jobs/writing/blog-article-writing/author-of-scientific-articles-2758683
"Help with writing business proposal, proofreading and editing",3 weeks ago,$186,51,https://www.peopleperhour.com/freelance-jobs/business-support/legal/help-with-writing-business-proposal-proofreading-and-editin-2736399
TRAVEL BLOG WRITER,1 week ago,$59,36,https://www.peopleperhour.com/freelance-jobs/writing/blog-article-writing/travel-blog-writer-2752967
Copywriter/digital marketer who understands sales funnels,4 days ago,$60,5,https://www.peopleperhour.com/freelance-jobs/writing/other/copywriter-digital-marketer-who-understands-sales-funnels-2752836
Email marketing,6 hours ago,$$$,17,https://www.peopleperhour.com/freelance-jobs/writing/blog-article-writing/email-marketing-2762057
Content Writing for accountancy practice,4 weeks ago,$771,37,https://www.peopleperhour.com/freelance-jobs/writing/technical-writing/content-writing-for-accountancy-practice-2730184
FreeNAS and Syncthing sync and permission issues,3 weeks ago,$89,2,https://www.peopleperhour.com/freelance-jobs/admin/office-management/freenas-and-syncthing-sync-and-permission-issues-2735659
Recap Article Writer,13 hours ago,$10,26,https://www.peopleperhour.com/freelance-jobs/writing/blog-article-writing/recap-article-writer-2761806
I need marketers to work for end to end marketing strategy,6 days ago,$890,34,https://www.peopleperhour.com/freelance-jobs/business-support/business-development/i-need-marketers-to-work-for-end-to-end-marketing-strategy-2755561
Creative and unique content,1 day ago,$106,50,https://www.peopleperhour.com/freelance-jobs/writing/blog-article-writing/creative-and-unique-content-2760595
Paragraph summaries of 8 separate videos. (8 total paragraphs),3 weeks ago,$30,13,https://www.peopleperhour.com/freelance-jobs/writing/technical-writing/paragraph-summaries-of-8-separate-videos-8-total-paragraph-2740938
I need to write some article about my graphics design website,3 weeks ago,$15,20,https://www.peopleperhour.com/freelance-jobs/writing/blog-article-writing/i-need-to-write-some-article-about-my-graphics-design-websit-2735117
Book marketing Expert,2 weeks ago,$15,9,https://www.peopleperhour.com/freelance-jobs/writing/technical-writing/book-marketing-expert-2747590
I need an interior design for a home office,3 days ago,$131,43,https://www.peopleperhour.com/freelance-jobs/design/interior-design/i-need-an-interior-design-for-a-home-office-2759135
Rewrite 9 short articles - 1000 words in total,4 days ago,$30,72,https://www.peopleperhour.com/freelance-jobs/writing/creative-writing/rewrite-9-short-articles-1000-words-in-total-2757533
Write 2 blogs a month on hemp and cbd category,2 weeks ago,$142,35,https://www.peopleperhour.com/freelance-jobs/writing/website-content/write-2-blogs-a-month-on-hemp-and-cbd-category-2744303
3D Creative animated logo for video and powerpoint,2 days ago,$36,11,https://www.peopleperhour.com/freelance-jobs/design/animation/3d-creative-animated-logo-for-video-and-powerpoint-2760276
Mylar bag desgin,4 days ago,$125,35,https://www.peopleperhour.com/freelance-jobs/design/label-packaging/mylar-bag-desgin-2757919
Onpage Seo for small Blog,1 week ago,$30,11,https://www.peopleperhour.com/freelance-jobs/search-marketing/on-site-seo/onpage-seo-for-small-blog-2754569
Maths questions on excel,1 week ago,$36/hr,85,https://www.peopleperhour.com/freelance-jobs/writing/other/maths-questions-on-excel-2750120
Animated video- 1 minute-1:15 length,7 days ago,$91,37,https://www.peopleperhour.com/freelance-jobs/video-photo-audio/other/animated-video-1-minute-1-15-length-2755072
Write tech-related and SEO-friendly articles,3 weeks ago,$104,31,https://www.peopleperhour.com/freelance-jobs/writing/blog-article-writing/write-tech-related-and-seo-friendly-articles-2733541
Re-write my letter in a professional style,4 weeks ago,$70,21,https://www.peopleperhour.com/freelance-jobs/marketing-pr/email-marketing/re-write-my-letter-in-a-professional-style-2727930
Programmer Needed to Write Articles & Tutorials,3 weeks ago,$15/hr,22,https://www.peopleperhour.com/freelance-jobs/software-development/general-programming/programmer-needed-to-write-articles-tutorials-2733243
Writing a paper for a Mental Health charity,3 weeks ago,$70,22,https://www.peopleperhour.com/freelance-jobs/writing/other/writing-a-paper-for-a-mental-health-charity-2733214
Project on STM32F401RE (SIMPLE ),3 weeks ago,$20,5,https://www.peopleperhour.com/freelance-jobs/software-development/general-programming/project-on-stm32f401re-simple-2734563
Technical Content Writing for a New Website (Engg & Proj Mgmt),2 weeks ago,$30/hr,40,https://www.peopleperhour.com/freelance-jobs/writing/website-content/technical-content-writing-for-a-new-website-engg-proj-mgm-2742639
Prop design/PRODUCTION,4 days ago,$$,12,https://www.peopleperhour.com/freelance-jobs/creative-arts/crafts/prop-design-production-2752521
Editable Booking Form,2 weeks ago,$12,10,https://www.peopleperhour.com/freelance-jobs/design/brochure-flyer-leaflet/editable-booking-form-2745520
I need a blockchain developer,6 hours ago,$10,2,https://www.peopleperhour.com/freelance-jobs/web-development/other/i-need-a-blockchain-developer-2762027
Promo Vid for Magazine launch,3 days ago,$30,11,https://www.peopleperhour.com/freelance-jobs/video-photo-audio/video-production/promo-vid-for-magazine-launch-2758367
Calligraphy,2 weeks ago,$40,18,https://www.peopleperhour.com/freelance-jobs/creative-arts/other/calligraphy-2745876
Article rewrite for Resound Hearing Aids,3 days ago,$24,9,https://www.peopleperhour.com/freelance-jobs/writing/blog-article-writing/article-rewrite-for-resound-hearing-aids-2754307
3D chocolate bar design - ready for 3D prototype printing,4 hours ago,$119,23,https://www.peopleperhour.com/freelance-jobs/design/3d-design/3d-chocolate-bar-design-ready-for-3d-prototype-printing-2762246
Writer who can write high-quality articles,4 weeks ago,$400,35,https://www.peopleperhour.com/freelance-jobs/writing/blog-article-writing/writer-who-can-write-high-quality-articles-2731626
Photoshopping of words from one pdf to another,6 days ago,$30,32,https://www.peopleperhour.com/freelance-jobs/video-photo-audio/photo-retouching-editing/photoshopping-of-words-from-one-pdf-to-another-2756255
Looking for a horror/thriller short story.,2 weeks ago,$100,9,https://www.peopleperhour.com/freelance-jobs/writing/ghost-writing/looking-for-a-horror-thriller-short-story-2748385
Ghost writer for 2 books,1 week ago,$593,22,https://www.peopleperhour.com/freelance-jobs/writing/ghost-writing/ghost-writer-for-2-books-2749843
Request connections for me on my LinkedIn account,2 days ago,$7,16,https://www.peopleperhour.com/freelance-jobs/social-media/linkedin/request-connections-for-me-on-my-linkedin-account-2760449
Article writer to write 8 articles about a fashion company,3 weeks ago,$119,56,https://www.peopleperhour.com/freelance-jobs/writing/blog-article-writing/article-writer-to-write-8-articles-about-a-fashion-company-2740564
Writing a Cruise Ship Employees Guide  (approx 200 pages),3 weeks ago,$890,9,https://www.peopleperhour.com/freelance-jobs/writing/e-book/writing-a-cruise-ship-employees-guide-approx-200-pages-2739944
WordPress Developer for Articles Data Entry,8 hours ago,$$$,22,https://www.peopleperhour.com/freelance-jobs/web-development/wordpress/wordpress-developer-for-articles-data-entry-2761901
Articles Data Entry,9 hours ago,$$$,56,https://www.peopleperhour.com/freelance-jobs/admin/data-entry/articles-data-entry-2761900
I need a design led E-newsletter By thursday,2 weeks ago,$71,43,https://www.peopleperhour.com/freelance-jobs/design/email-newsletter/i-need-a-design-led-e-newsletter-by-thursday-2741702
Web developer needed long term for ongoing site maintenance,1 week ago,$178,15,https://www.peopleperhour.com/freelance-jobs/web-development/wordpress/web-developer-needed-long-term-for-ongoing-site-maintenance-2752218
Social Media Management,1 week ago,$$,49,https://www.peopleperhour.com/freelance-jobs/social-media/other/social-media-management-2752378
"Marketing- brand strategy, celeb reach out, press",2 weeks ago,$237,14,https://www.peopleperhour.com/freelance-jobs/marketing-pr/other/marketing-brand-strategy-celeb-reach-out-press-2749150
Finance blog content writer using WordPress,2 weeks ago,$9/hr,20,https://www.peopleperhour.com/freelance-jobs/writing/website-content/finance-blog-content-writer-using-wordpress-2749601
Book marketing expert,3 weeks ago,$10,10,https://www.peopleperhour.com/freelance-jobs/writing/e-book/book-marketing-expert-2738089
Function for parsing a file and Issue fix (Java),1 day ago,$30,20,https://www.peopleperhour.com/freelance-jobs/software-development/java-programming/function-for-parsing-a-file-and-issue-fix-java-2761168
Chinese translator while live streaming,1 week ago,$18/hr,4,https://www.peopleperhour.com/freelance-jobs/translation/chinese-mandarin-simplified/chinese-translator-while-live-streaming-2753955
Write a company profile for general contracting,4 weeks ago,$$,5,https://www.peopleperhour.com/freelance-jobs/admin/presentations/write-a-company-profile-for-general-contracting-2726661
Need to Create a Sports Website Like Dream11 / Halaplay,5 days ago,$50,8,https://www.peopleperhour.com/freelance-jobs/web-development/custom-website/need-to-create-a-sports-website-like-dream11-halaplay-2757256
Google Adwords - Advert Writer - Charitable Clothing Collection,2 weeks ago,$170,29,https://www.peopleperhour.com/freelance-jobs/search-marketing/google-adwords/google-adwords-advert-writer-charitable-clothing-collect-2741740
I need excellent writers who is falimar with tech,1 week ago,$50,42,https://www.peopleperhour.com/freelance-jobs/writing/creative-writing/i-need-excellent-writers-who-is-falimar-with-tech-2749831
Hiring Equity Research Analysts,1 week ago,$115,13,https://www.peopleperhour.com/freelance-jobs/writing/blog-article-writing/hiring-equity-research-analysts-2751457
CV writing / Linked in profile and covering letter -- Aviation,3 weeks ago,$119,26,https://www.peopleperhour.com/freelance-jobs/writing/cv-cover-letter/cv-writing-linked-in-profile-and-covering-letter-aviati-2738284
Japanese translator while live streaming,1 week ago,$18/hr,3,https://www.peopleperhour.com/freelance-jobs/translation/japanese/japanese-translator-while-live-streaming-2754023
SEO Titles re-writing for Adult Niche Site,3 weeks ago,$30,28,https://www.peopleperhour.com/freelance-jobs/writing/other/seo-titles-re-writing-for-adult-niche-site-2732374
I need an open-minded experienced Kotlin developer to code.,2 weeks ago,$$,7,https://www.peopleperhour.com/freelance-jobs/writing/website-content/i-need-an-open-minded-experienced-kotlin-developer-to-code-2748225
Blog Posting for PA Attorney Website,2 weeks ago,$200,10,https://www.peopleperhour.com/freelance-jobs/social-media/community-management/blog-posting-for-pa-attorney-website-2748760
Content / Blog Writer for a Real Estate Firm,2 weeks ago,$$,21,https://www.peopleperhour.com/freelance-jobs/writing/blog-article-writing/content-blog-writer-for-a-real-estate-firm-2746823
"Create PR press release for mynewsdesk, cision and buffer.com",2 weeks ago,$474,7,https://www.peopleperhour.com/freelance-jobs/marketing-pr/press-media-relations/create-pr-press-release-for-mynewsdesk-cision-and-buffer-co-2747469
Need Excellent Content Writer To Write A News Blog,4 weeks ago,$70,27,https://www.peopleperhour.com/freelance-jobs/writing/blog-article-writing/need-excellent-content-writer-to-write-a-news-blog-2731293
Writer with good working knowledge of SEO & Google Ads,2 days ago,$77,24,https://www.peopleperhour.com/freelance-jobs/writing/blog-article-writing/writer-with-good-working-knowledge-of-seo-google-ads-2759685
Instagram and Facebook Ads,3 weeks ago,$130,58,https://www.peopleperhour.com/freelance-jobs/social-media/facebook/instagram-and-facebook-ads-2735695
Information/welcome pack,2 weeks ago,$59,20,https://www.peopleperhour.com/freelance-jobs/design/brochure-flyer-leaflet/information-welcome-pack-2741254
"Content writer with knowledge of Human Rights, Tech & Ethics",1 week ago,$27/hr,18,https://www.peopleperhour.com/freelance-jobs/writing/blog-article-writing/content-writer-with-knowledge-of-human-rights-tech-ethics-2754781
I need an Artist to create me an old style Magic Poster,3 weeks ago,$104,22,https://www.peopleperhour.com/freelance-jobs/creative-arts/caricatures/i-need-an-artist-to-create-me-an-old-style-magic-poster-2738827
Ongoing copywriting/blog posts 4-500 words,2 weeks ago,$18,47,https://www.peopleperhour.com/freelance-jobs/writing/copywriting/ongoing-copywriting-blog-posts-4-500-words-2744749
"Content writing, proof spelling, customer service",4 weeks ago,$$,15,https://www.peopleperhour.com/freelance-jobs/social-media/social-media-strategy/content-writing-proof-spelling-customer-service-2730542
Computer Vision Expert for GAN and Image Segmentation,5 hours ago,$500,5,https://www.peopleperhour.com/freelance-jobs/software-development/other/computer-vision-expert-for-gan-and-image-segmentation-2762124
Denmark/professional business researcher,1 week ago,$100,4,https://www.peopleperhour.com/freelance-jobs/business-support/market-research/denmark-professional-business-researcher-2753766
MMO Kotlin Based Game Server needs content developed,1 week ago,$33/hr,7,https://www.peopleperhour.com/freelance-jobs/software-development/game-development/mmo-kotlin-based-game-server-needs-content-developed-2752226
Govt Project to design a pre -tender proposal document,3 weeks ago,$$,7,https://www.peopleperhour.com/freelance-jobs/writing/other/govt-project-to-design-a-pre-tender-proposal-document-2739428
Well Written Legal Letter of Appeal Required,2 weeks ago,$30,15,https://www.peopleperhour.com/freelance-jobs/writing/letter/well-written-legal-letter-of-appeal-required-2744354
"Social Media Mngr, Social Media Mktg & Strategy, content writer",9 hours ago,$164,32,https://www.peopleperhour.com/freelance-jobs/social-media/social-media-strategy/social-media-mngr-social-media-mktg-strategy-content-wri-2761838
Map drawing,3 weeks ago,$$,27,https://www.peopleperhour.com/freelance-jobs/design/other/map-drawing-2739234
Tech Pack,3 weeks ago,$142,21,https://www.peopleperhour.com/freelance-jobs/design/t-shirt-clothing/tech-pack-2737718
Sweden/Professional business researcher,1 week ago,$109,6,https://www.peopleperhour.com/freelance-jobs/business-support/other/sweden-professional-business-researcher-2753758
Norway/professional business researcher,1 week ago,$100,3,https://www.peopleperhour.com/freelance-jobs/business-support/market-research/norway-professional-business-researcher-2753765
Finland/professional business researcher,1 week ago,$185,3,https://www.peopleperhour.com/freelance-jobs/business-support/market-research/finland-professional-business-researcher-2753769
Digital marketing for SME,7 days ago,$352,48,https://www.peopleperhour.com/freelance-jobs/social-media/social-media-strategy/digital-marketing-for-sme-2755096
Need a guest poster in travel and food blogs high DA,2 weeks ago,$221,20,https://www.peopleperhour.com/freelance-jobs/marketing-pr/press-media-relations/need-a-guest-poster-in-travel-and-food-blogs-high-da-2742932
NBA Writer,1 day ago,$500,9,https://www.peopleperhour.com/freelance-jobs/writing/blog-article-writing/nba-writer-2761194
Telemarking for recruitment,6 days ago,$190,17,https://www.peopleperhour.com/freelance-jobs/marketing-pr/telemarketing/telemarking-for-recruitment-2756386
Searching for testers regarding a betting forum,2 weeks ago,$8,3,https://www.peopleperhour.com/freelance-jobs/writing/website-content/searching-for-testers-regarding-a-betting-forum-2743716
Content writer required,2 weeks ago,$,23,https://www.peopleperhour.com/freelance-jobs/writing/product-description-review/content-writer-required-2744235
Charity setup,2 weeks ago,$$,13,https://www.peopleperhour.com/freelance-jobs/writing/website-content/charity-setup-2745228
Branding & Communication Strategy/Design for Tech Business,3 weeks ago,$2.3k,30,https://www.peopleperhour.com/freelance-jobs/marketing-pr/other/branding-communication-strategy-design-for-tech-business-2735417
Create API for BLE device using ML.NE,5 days ago,$1.0k,13,https://www.peopleperhour.com/freelance-jobs/software-development/net/create-api-for-ble-device-using-ml-ne-2756638
2500 words - Articles Southern Spain - Local Writer,2 weeks ago,$55,20,https://www.peopleperhour.com/freelance-jobs/writing/blog-article-writing/2500-words-articles-southern-spain-local-writer-2741306
I want to create a physical product prototype,1 week ago,$$,5,https://www.peopleperhour.com/freelance-jobs/design/other/i-want-to-create-a-physical-product-prototype-2749800
Necesito una página web hecha en wordpress.,4 days ago,$143,12,https://www.peopleperhour.com/freelance-jobs/web-development/wordpress/necesito-una-p%C3%A1gina-web-hecha-en-wordpress-2757765
Looking for an expert meanstack developer.,1 week ago,$200,11,https://www.peopleperhour.com/freelance-jobs/web-development/other/looking-for-an-expert-meanstack-developer-2754391
I need an illustrator to create me an old style Magic Poster,3 weeks ago,$104,49,https://www.peopleperhour.com/freelance-jobs/design/illustration-graphics/i-need-an-illustrator-to-create-me-an-old-style-magic-poster-2735757
Wordpress Header/ Banner/ Hero Carousel Needed - UK Only Please,2 days ago,$119,17,https://www.peopleperhour.com/freelance-jobs/web-development/wordpress/wordpress-header-banner-hero-carousel-needed-uk-only-ple-2759601
Discribe projects for portfolio,1 week ago,$31/hr,13,https://www.peopleperhour.com/freelance-jobs/writing/website-content/discribe-projects-for-portfolio-2749670
German Text writer - SEO friendly,6 days ago,$547,9,https://www.peopleperhour.com/freelance-jobs/writing/copywriting/german-text-writer-seo-friendly-2755479
Create API for my BLE device using ML.NET,6 days ago,$1.0k,12,https://www.peopleperhour.com/freelance-jobs/software-development/net/create-api-for-my-ble-device-using-ml-net-2755461
DESARROLLADOR IONIC,1 week ago,$32/hr,10,https://www.peopleperhour.com/freelance-jobs/software-development/application-development/desarrollador-ionic-2754292
Looking for people who can guest post on these websites,3 weeks ago,$210,17,https://www.peopleperhour.com/freelance-jobs/search-marketing/link-building/looking-for-people-who-can-guest-post-on-these-websites-2736885
Create artwork for labels to be printed onto a pouch of tea,2 weeks ago,$119,52,https://www.peopleperhour.com/freelance-jobs/design/label-packaging/create-artwork-for-labels-to-be-printed-onto-a-pouch-of-tea-2747161
Sales Copywriter,3 days ago,$130,28,https://www.peopleperhour.com/freelance-jobs/writing/website-content/sales-copywriter-2758995
Creative Copywriter,3 weeks ago,$237,57,https://www.peopleperhour.com/freelance-jobs/writing/copywriting/creative-copywriter-2735358
SEO Expert to give detail to do list before and after posting,3 weeks ago,$60,15,https://www.peopleperhour.com/freelance-jobs/search-marketing/seo-training/seo-expert-to-give-detail-to-do-list-before-and-after-postin-2734575
Guest Post bustle.com marthastewart.com apartmenttherapy.com,4 days ago,$500,10,https://www.peopleperhour.com/freelance-jobs/marketing-pr/other/guest-post-bustle-com-marthastewart-com-apartmenttherapy-com-2758095
"Camping, glamping, holiday parks, outdoor enthusiast blogger",2 weeks ago,$27/hr,29,https://www.peopleperhour.com/freelance-jobs/writing/blog-article-writing/camping-glamping-holiday-parks-outdoor-enthusiast-blogger-2749556
I need someone to develop an app,5 days ago,$100,12,https://www.peopleperhour.com/freelance-jobs/mobile/android-app/i-need-someone-to-develop-an-app-2756686
Web developer for online Wills and Powers of Attorney,4 days ago,$1.1k,24,https://www.peopleperhour.com/freelance-jobs/web-development/other/web-developer-for-online-wills-and-powers-of-attorney-2757392
EA for MT4 to trade using AutoTrader from Stockdeveloper.in,5 days ago,$100,4,https://www.peopleperhour.com/freelance-jobs/software-development/other/ea-for-mt4-to-trade-using-autotrader-from-stockdeveloper-in-2756605
Animated web banner,1 week ago,$119,26,https://www.peopleperhour.com/freelance-jobs/design/illustration-graphics/animated-web-banner-2753468
Need native german copywriter for two short articles,3 weeks ago,$50,7,https://www.peopleperhour.com/freelance-jobs/writing/copywriting/need-native-german-copywriter-for-two-short-articles-2736320
Looking For Article or Product description and Review Writer,3 weeks ago,$500,21,https://www.peopleperhour.com/freelance-jobs/writing/product-description-review/looking-for-article-or-product-description-and-review-writer-2740896
Meridio Records Management Migration to SharePoint,6 days ago,$326,11,https://www.peopleperhour.com/freelance-jobs/software-development/other/meridio-records-management-migration-to-sharepoint-2755771
I need a 28 page brochure designing,3 weeks ago,$71,28,https://www.peopleperhour.com/freelance-jobs/design/book-magazine/i-need-a-28-page-brochure-designing-2736429
Build CADworx prj spec,3 weeks ago,$30,11,https://www.peopleperhour.com/freelance-jobs/design/3d-design/build-cadworx-prj-spec-2736286
"Need an Amazing, Fluent English Speaker to Help With Emails",4 weeks ago,$20/hr,48,https://www.peopleperhour.com/freelance-jobs/business-support/business-development/need-an-amazing-fluent-english-speaker-to-help-with-emails-2728135
Need android java plugin to return OTG USB storage path,2 weeks ago,$25,6,https://www.peopleperhour.com/freelance-jobs/software-development/other/need-android-java-plugin-to-return-otg-usb-storage-path-2745133
Article Writer Needed Emergency,3 weeks ago,$500,84,https://www.peopleperhour.com/freelance-jobs/writing/website-content/article-writer-needed-emergency-2735150
Create .NET CORE 3.1 ML.NET API,1 week ago,$1.0k,19,https://www.peopleperhour.com/freelance-jobs/software-development/net/create-net-core-3-1-ml-net-api-2753039
Junior Editor,4 days ago,$,37,https://www.peopleperhour.com/freelance-jobs/writing/editing-proofreading/junior-editor-2756857
I need a support for my Android App  using EDA60K and a IP30C,2 weeks ago,$26/hr,11,https://www.peopleperhour.com/freelance-jobs/mobile/android-app/i-need-a-support-for-my-android-app-using-eda60k-and-a-ip30-2747386
Moodle upgrade,4 weeks ago,$95,18,https://www.peopleperhour.com/freelance-jobs/software-development/server-system-administration/moodle-upgrade-2731589
THINKIFIC ONLINE COURSE - LONG TERM ( MORE THAN 10 COURSES),4 days ago,$8/hr,12,https://www.peopleperhour.com/freelance-jobs/tutorials/design/thinkific-online-course-long-term-more-than-10-courses-2758066
Branding/Graphics work,3 weeks ago,$42,16,https://www.peopleperhour.com/freelance-jobs/design/illustration-graphics/branding-graphics-work-2740130
Digital Marketing Writer,6 days ago,$40/hr,42,https://www.peopleperhour.com/freelance-jobs/writing/ghost-writing/digital-marketing-writer-2756083
"Write up a business plan, with 3 years financial forecast",4 weeks ago,$148,34,https://www.peopleperhour.com/freelance-jobs/business-support/business-plan/write-up-a-business-plan-with-3-years-financial-forecast-2728829
Youtube Video Script writer,3 weeks ago,$30,16,https://www.peopleperhour.com/freelance-jobs/writing/screen-script-writing/youtube-video-script-writer-2736658
NuxtJS (VueJs) Website Browser Bug Fixes,1 week ago,$36/hr,10,https://www.peopleperhour.com/freelance-jobs/web-development/other/nuxtjs-vuejs-website-browser-bug-fixes-2753342
I require a screenwriter to format my screenplay. (15 scenes),2 weeks ago,$71,25,https://www.peopleperhour.com/freelance-jobs/writing/other/i-require-a-screenwriter-to-format-my-screenplay-15-scenes-2743829
Implement a simple image filter function,4 days ago,$150,14,https://www.peopleperhour.com/freelance-jobs/software-development/visual-basic/implement-a-simple-image-filter-function-2757462
I'm looking for an article writer.,2 weeks ago,$1.2k,43,https://www.peopleperhour.com/freelance-jobs/writing/blog-article-writing/i-m-looking-for-an-article-writer-2743540
Basic sewing project UK,1 week ago,$$,17,https://www.peopleperhour.com/freelance-jobs/creative-arts/other/basic-sewing-project-uk-2751444
Copywriter to write blogs & campaigns to support a CRM product,4 weeks ago,$107,20,https://www.peopleperhour.com/freelance-jobs/writing/blog-article-writing/copywriter-to-write-blogs-campaigns-to-support-a-crm-produ-2727501
Gatsby Project,1 week ago,$$,15,https://www.peopleperhour.com/freelance-jobs/web-development/other/gatsby-project-2749719
Weekly blogger,2 weeks ago,$104,58,https://www.peopleperhour.com/freelance-jobs/writing/blog-article-writing/weekly-blogger-2742648
Building Estimator Required (on-site and remote work),3 days ago,$47/hr,14,https://www.peopleperhour.com/freelance-jobs/business-support/consulting/building-estimator-required-on-site-and-remote-work-2758821
Technology/Investing Article,2 weeks ago,$59,15,https://www.peopleperhour.com/freelance-jobs/writing/ghost-writing/technology-investing-article-2745907
Assistant for Published Author,2 weeks ago,$15/hr,18,https://www.peopleperhour.com/freelance-jobs/admin/virtual-assistance/assistant-for-published-author-2744220
Project management proposal,2 weeks ago,$89,18,https://www.peopleperhour.com/freelance-jobs/admin/presentations/project-management-proposal-2741442
Employee advocacy program for social media marketing,1 week ago,$200,6,https://www.peopleperhour.com/freelance-jobs/social-media/social-media-strategy/employee-advocacy-program-for-social-media-marketing-2751251
Marketing student wanted.... Creating 4 fact sheets in CANVA,3 weeks ago,$71,10,https://www.peopleperhour.com/freelance-jobs/marketing-pr/general-communications/marketing-student-wanted-creating-4-fact-sheets-in-canva-2736977
Articles for our UK property market insights section.,3 weeks ago,$26,13,https://www.peopleperhour.com/freelance-jobs/writing/blog-article-writing/articles-for-our-uk-property-market-insights-section-2736953
Affiliate content written for a UK mattress review site,34 minutes ago,$107,6,https://www.peopleperhour.com/freelance-jobs/writing/copywriting/affiliate-content-written-for-a-uk-mattress-review-site-2762511
I need a content writer for my website,2 weeks ago,$104,21,https://www.peopleperhour.com/freelance-jobs/writing/website-content/i-need-a-content-writer-for-my-website-2742801
Digital Marketing Plan for my NCLEX-RN/LPN  review courses,3 weeks ago,$156,13,https://www.peopleperhour.com/freelance-jobs/social-media/facebook/digital-marketing-plan-for-my-nclex-rn-lpn-review-courses-2739871
Advise me on the steps to accomplish using the Cisco Meraki API,3 weeks ago,$30,5,https://www.peopleperhour.com/freelance-jobs/web-development/javascript-jquery-ajax/advise-me-on-the-steps-to-accomplish-using-the-cisco-meraki-2741038
Employment Law Letters - Republic of Ireland,2 weeks ago,$27/hr,4,https://www.peopleperhour.com/freelance-jobs/business-support/recruitment-hr/employment-law-letters-republic-of-ireland-2747586
Whitepaper Graphic Design + assets for promotion,1 day ago,$119,18,https://www.peopleperhour.com/freelance-jobs/design/brochure-flyer-leaflet/whitepaper-graphic-design-assets-for-promotion-2755676
Custom plugin for my word press website,6 days ago,$250,33,https://www.peopleperhour.com/freelance-jobs/web-development/wordpress/custom-plugin-for-my-word-press-website-2755357
English native speaker for skype calls as a ghost speaker,1 day ago,$50,11,https://www.peopleperhour.com/freelance-jobs/admin/virtual-assistance/english-native-speaker-for-skype-calls-as-a-ghost-speaker-2760651
Content for the website with Drupal services,3 weeks ago,$250,15,https://www.peopleperhour.com/freelance-jobs/writing/website-content/content-for-the-website-with-drupal-services-2737256
Rewrite my old CV,4 weeks ago,$47,69,https://www.peopleperhour.com/freelance-jobs/admin/other/rewrite-my-old-cv-2729389
I need to get professional pictures done,4 weeks ago,$28/hr,10,https://www.peopleperhour.com/freelance-jobs/mobile/android-app/i-need-to-get-professional-pictures-done-2730161
Press release and distribution,2 weeks ago,$150,11,https://www.peopleperhour.com/freelance-jobs/marketing-pr/press-media-relations/press-release-and-distribution-2746787
Need program to send sms via gsm modem from my website,3 weeks ago,$10/hr,8,https://www.peopleperhour.com/freelance-jobs/software-development/other/need-program-to-send-sms-via-gsm-modem-from-my-website-2740866
Help with the application approval process in Pinterest,1 week ago,$100,3,https://www.peopleperhour.com/freelance-jobs/social-media/other/help-with-the-application-approval-process-in-pinterest-2752157
Data Mining Analysis Report,2 days ago,$119,22,https://www.peopleperhour.com/freelance-jobs/writing/report-writing/data-mining-analysis-report-2760288
Wordpress content editor,3 weeks ago,$8/hr,18,https://www.peopleperhour.com/freelance-jobs/writing/editing-proofreading/wordpress-content-editor-2736993
Promotional Video for Social Media (ignore budget please read),2 weeks ago,$119,53,https://www.peopleperhour.com/freelance-jobs/video-photo-audio/promotional-videos/promotional-video-for-social-media-ignore-budget-please-rea-2744560
Get a resume done,3 weeks ago,$$,14,https://www.peopleperhour.com/freelance-jobs/business-support/business-development/get-a-resume-done-2733336
Looking For Content/Blog Writer,3 weeks ago,$120,39,https://www.peopleperhour.com/freelance-jobs/writing/blog-article-writing/looking-for-content-blog-writer-2739255
I need a brochure site with an insight page that I can update,4 weeks ago,$1.0k,35,https://www.peopleperhour.com/freelance-jobs/web-development/custom-website/i-need-a-brochure-site-with-an-insight-page-that-i-can-updat-2730031
Guest Post Need on Sports Betting/Casino/Gambling  Websites...,2 weeks ago,$1.0k,17,https://www.peopleperhour.com/freelance-jobs/marketing-pr/press-releases/guest-post-need-on-sports-betting-casino-gambling-websites-2741885
I need to display different text based on the page contents,3 days ago,$237,14,https://www.peopleperhour.com/freelance-jobs/web-development/other/i-need-to-display-different-text-based-on-the-page-contents-2759098
"Ppc, IG & LinkedIn campaign management",2 weeks ago,$125,19,https://www.peopleperhour.com/freelance-jobs/search-marketing/other/ppc-ig-linkedin-campaign-management-2746436
Guest Post on Jpost and BusinessInsider Only,1 week ago,$600,15,https://www.peopleperhour.com/freelance-jobs/marketing-pr/other/guest-post-on-jpost-and-businessinsider-only-2751233
Setup Google Ads and Bing Ads - PPC Search Campaigns,2 weeks ago,$31/hr,4,https://www.peopleperhour.com/freelance-jobs/search-marketing/google-adwords/setup-google-ads-and-bing-ads-ppc-search-campaigns-2746275
Virtual assistant for social media engagement + scheduling,20 hours ago,$30,24,https://www.peopleperhour.com/freelance-jobs/admin/virtual-assistance/virtual-assistant-for-social-media-engagement-scheduling-2761613
Press and distribution  for Electrician service site,2 weeks ago,$59,10,https://www.peopleperhour.com/freelance-jobs/marketing-pr/press-releases/press-and-distribution-for-electrician-service-site-2741932
Photo portrait background created then applied to 30+ photos,3 weeks ago,$125,57,https://www.peopleperhour.com/freelance-jobs/video-photo-audio/photo-retouching-editing/photo-portrait-background-created-then-applied-to-30-photos-2733309
Animation video doe MLM compnay,4 weeks ago,$80,15,https://www.peopleperhour.com/freelance-jobs/video-photo-audio/promotional-videos/animation-video-doe-mlm-compnay-2731646
I need a content writer and proofreader,2 weeks ago,$20/hr,40,https://www.peopleperhour.com/freelance-jobs/writing/website-content/i-need-a-content-writer-and-proofreader-2746166
I need Photography Content Writer,4 weeks ago,$865,19,https://www.peopleperhour.com/freelance-jobs/writing/e-book/i-need-photography-content-writer-2726323
Guest Posting with High Authority Back links,2 weeks ago,$237,13,https://www.peopleperhour.com/freelance-jobs/search-marketing/link-building/guest-posting-with-high-authority-back-links-2747499
Article about Dieting and Weight loss,2 weeks ago,$25,46,https://www.peopleperhour.com/freelance-jobs/writing/copywriting/article-about-dieting-and-weight-loss-2744489
Content Writers For Lots of Different Topics Needed,6 days ago,$27/hr,50,https://www.peopleperhour.com/freelance-jobs/writing/blog-article-writing/content-writers-for-lots-of-different-topics-needed-2755517
Write a 250 word SEO optimised blog on essential oils,4 weeks ago,$36,50,https://www.peopleperhour.com/freelance-jobs/writing/blog-article-writing/write-a-250-word-seo-optimised-blog-on-essential-oils-2725435
I need some articles for my blog,3 weeks ago,$100,74,https://www.peopleperhour.com/freelance-jobs/writing/blog-article-writing/i-need-some-articles-for-my-blog-2739293
"3 Articles of Content for a blog, and Traffic Generation Impetus",9 hours ago,$130,11,https://www.peopleperhour.com/freelance-jobs/writing/website-content/3-articles-of-content-for-a-blog-and-traffic-generation-imp-2761835
PR Expert Needed for Bikers Social Media Platform,3 days ago,$300,10,https://www.peopleperhour.com/freelance-jobs/marketing-pr/press-media-relations/pr-expert-needed-for-bikers-social-media-platform-2759112
4 Reports in the Keto Niche,3 days ago,$200,19,https://www.peopleperhour.com/freelance-jobs/writing/report-writing/4-reports-in-the-keto-niche-2759047
Long term Blogger in Parentings / Budget niche,2 weeks ago,$22/hr,27,https://www.peopleperhour.com/freelance-jobs/writing/blog-article-writing/long-term-blogger-in-parentings-budget-niche-2748140
Crowdfunding creator,3 weeks ago,$107,6,https://www.peopleperhour.com/freelance-jobs/writing/creative-writing/crowdfunding-creator-2735834
Tech blog is looking for a remote reporter / journalist,2 weeks ago,$250,13,https://www.peopleperhour.com/freelance-jobs/writing/report-writing/tech-blog-is-looking-for-a-remote-reporter-journalist-2746556
Professional written appeal required for a false DMC violation.,2 weeks ago,$12,6,https://www.peopleperhour.com/freelance-jobs/writing/other/professional-written-appeal-required-for-a-false-dmc-violati-2742613
Theatre Set Designs / Model Boxes,4 days ago,$119,14,https://www.peopleperhour.com/freelance-jobs/creative-arts/other/theatre-set-designs-model-boxes-2757896
Urgent: Poker game review article in Japanese,6 days ago,$30,3,https://www.peopleperhour.com/freelance-jobs/writing/blog-article-writing/urgent-poker-game-review-article-in-japanese-2755645
Copywriting for a luxury watch accessories brand,2 weeks ago,$$,36,https://www.peopleperhour.com/freelance-jobs/writing/product-description-review/copywriting-for-a-luxury-watch-accessories-brand-2741453
I need illustrations for my children's book,2 weeks ago,$119,42,https://www.peopleperhour.com/freelance-jobs/design/book-magazine/i-need-illustrations-for-my-children-s-book-2743729
Research and prepare a full feasibility study application,1 day ago,$593,7,https://www.peopleperhour.com/freelance-jobs/writing/technical-writing/research-and-prepare-a-full-feasibility-study-application-2760838
Translate and build a German website from the English version,3 weeks ago,$183,19,https://www.peopleperhour.com/freelance-jobs/web-development/wordpress/translate-and-build-a-german-website-from-the-english-versio-2740464
Bring to life my Home Page banner / logo,2 weeks ago,$164,17,https://www.peopleperhour.com/freelance-jobs/design/other/bring-to-life-my-home-page-banner-logo-2746538
Website Blog/Copywriter,3 weeks ago,$104,41,https://www.peopleperhour.com/freelance-jobs/writing/blog-article-writing/website-blog-copywriter-2732669
3000 word creative article based on Music Festivals,3 weeks ago,$59,39,https://www.peopleperhour.com/freelance-jobs/writing/blog-article-writing/3000-word-creative-article-based-on-music-festivals-2733915
1250 Word Real Estate Blog Article,3 weeks ago,$30,31,https://www.peopleperhour.com/freelance-jobs/writing/blog-article-writing/1250-word-real-estate-blog-article-2736653
"RECREATION OF ATTACHMENT, DONE PROFESSIONALLY AND TO BRIEF.",3 weeks ago,$237,19,https://www.peopleperhour.com/freelance-jobs/design/illustration-graphics/recreation-of-attachment-done-professionally-and-to-brief-2734171
Formal Business Proposal to Add Staffing,1 week ago,$100,8,https://www.peopleperhour.com/freelance-jobs/business-support/business-plan/formal-business-proposal-to-add-staffing-2753439
I need a decent and experienced content writer,3 weeks ago,$300,34,https://www.peopleperhour.com/freelance-jobs/writing/blog-article-writing/i-need-a-decent-and-experienced-content-writer-2732879
Early years UK curriculum,3 weeks ago,$27/hr,5,https://www.peopleperhour.com/freelance-jobs/tutorials/languages/early-years-uk-curriculum-2738141
Cloud App or Website/Desktop App Creation,5 days ago,$415,15,https://www.peopleperhour.com/freelance-jobs/software-development/other/cloud-app-or-website-desktop-app-creation-2756960
Company profile needed,4 weeks ago,$129,15,https://www.peopleperhour.com/freelance-jobs/writing/company-profile/company-profile-needed-2726600
I need a text in 20 videos on a moving box (perfectly),3 weeks ago,$80,15,https://www.peopleperhour.com/freelance-jobs/video-photo-audio/video-editing/i-need-a-text-in-20-videos-on-a-moving-box-perfectly-2740225
Login Automation Script Using the SiteKiosk Object Model,3 weeks ago,$50,14,https://www.peopleperhour.com/freelance-jobs/software-development/script/login-automation-script-using-the-sitekiosk-object-model-2735210
Looking for a proof reader / writer,2 weeks ago,$$$,52,https://www.peopleperhour.com/freelance-jobs/writing/copywriting/looking-for-a-proof-reader-writer-2741369
Letter Confirming Proof of Self Employment by accountant,2 weeks ago,$71,5,https://www.peopleperhour.com/freelance-jobs/business-support/accounting/letter-confirming-proof-of-self-employment-by-accountant-2747433
YA novella line edit of opening chapters,1 week ago,$45,12,https://www.peopleperhour.com/freelance-jobs/writing/editing-proofreading/ya-novella-line-edit-of-opening-chapters-2750753
Large Scale Data Collection,3 days ago,$123,55,https://www.peopleperhour.com/freelance-jobs/admin/other/large-scale-data-collection-2758645
B2B Blogger must be able to add value to content,2 weeks ago,$108,24,https://www.peopleperhour.com/freelance-jobs/writing/blog-article-writing/b2b-blogger-must-be-able-to-add-value-to-content-2748235
Enhanced E-Commerce Tracking Javascript,3 weeks ago,$$,10,https://www.peopleperhour.com/freelance-jobs/software-development/java-programming/enhanced-e-commerce-tracking-javascript-2737959
Experienced Writers for Sales/Business/Training related Articles,2 days ago,$100,25,https://www.peopleperhour.com/freelance-jobs/writing/blog-article-writing/experienced-writers-for-sales-business-training-related-arti-2759429
"MS Excel - Bank statement CSV file. Only ""keep"" new unique lines",3 hours ago,$178,34,https://www.peopleperhour.com/freelance-jobs/software-development/other/ms-excel-bank-statement-csv-file-only-keep-new-unique-l-2762330
I need a property finance / estate agent copywriter,2 weeks ago,$36,26,https://www.peopleperhour.com/freelance-jobs/writing/copywriting/i-need-a-property-finance-estate-agent-copywriter-2744951
Wordpress Real Estate theme - Rewrite URL to combine taxonomies,2 weeks ago,$44,11,https://www.peopleperhour.com/freelance-jobs/web-development/wordpress/wordpress-real-estate-theme-rewrite-url-to-combine-taxonom-2747002
Video embedder/SEO copywriter - Adult site (18+)/Wordpress,4 weeks ago,$30,14,https://www.peopleperhour.com/freelance-jobs/search-marketing/on-site-seo/video-embedder-seo-copywriter-adult-site-18-wordpress-2728133
Content Writer - Technical topic,3 hours ago,$$,14,https://www.peopleperhour.com/freelance-jobs/writing/other/content-writer-technical-topic-2762335
Restaurant content,4 weeks ago,$78,22,https://www.peopleperhour.com/freelance-jobs/writing/website-content/restaurant-content-2728436
Content Writter,4 weeks ago,$100,28,https://www.peopleperhour.com/freelance-jobs/writing/website-content/content-writter-2725272
Need a storyteller writer with English as 1st language,2 weeks ago,$50,17,https://www.peopleperhour.com/freelance-jobs/writing/blog-article-writing/need-a-storyteller-writer-with-english-as-1st-language-2749117
Creative writer  & psychologist needed,2 weeks ago,$10,9,https://www.peopleperhour.com/freelance-jobs/writing/letter/creative-writer-psychologist-needed-2741291
Enhance social media presence in healthcare,3 weeks ago,$352,32,https://www.peopleperhour.com/freelance-jobs/social-media/social-media-strategy/enhance-social-media-presence-in-healthcare-2738880
English Converting Sales Copywriting,3 weeks ago,$164,23,https://www.peopleperhour.com/freelance-jobs/writing/creative-writing/english-converting-sales-copywriting-2735986
Create a website,3 weeks ago,$3.0k,63,https://www.peopleperhour.com/freelance-jobs/web-development/other/create-a-website-2736502
I need skilled writers to create blog content,4 weeks ago,$,42,https://www.peopleperhour.com/freelance-jobs/writing/website-content/i-need-skilled-writers-to-create-blog-content-2730836
Add Features For my platform,6 days ago,$273,20,https://www.peopleperhour.com/freelance-jobs/web-development/php/add-features-for-my-platform-2756283
"Multiplayer, Touch screen game with leaderboard.",1 week ago,$500,13,https://www.peopleperhour.com/freelance-jobs/software-development/other/multiplayer-touch-screen-game-with-leaderboard-2753902
Help Listing Product to Liquidate,2 weeks ago,$95,6,https://www.peopleperhour.com/freelance-jobs/marketing-pr/viral-campaigns/help-listing-product-to-liquidate-2746547
Need an SMM specialist for FB/IG posts,4 weeks ago,$36/hr,14,https://www.peopleperhour.com/freelance-jobs/writing/copywriting/need-an-smm-specialist-for-fb-ig-posts-2725063
"Graphic designer, audio & video auditor",3 weeks ago,$$,9,https://www.peopleperhour.com/freelance-jobs/design/social-media/graphic-designer-audio-video-auditor-2740882
Facebook organic posts - Content plan,2 days ago,$273,20,https://www.peopleperhour.com/freelance-jobs/social-media/facebook/facebook-organic-posts-content-plan-2759869
RISK ASSESSMENT FOR NEW PRODUCT - UK,3 weeks ago,$50,11,https://www.peopleperhour.com/freelance-jobs/extraordinary/other/risk-assessment-for-new-product-uk-2734542
Design a simple business flyer,3 weeks ago,$8,34,https://www.peopleperhour.com/freelance-jobs/design/brochure-flyer-leaflet/design-a-simple-business-flyer-2738998
Recruit op-ed writers,3 weeks ago,$98,16,https://www.peopleperhour.com/freelance-jobs/writing/blog-article-writing/recruit-op-ed-writers-2736992
Tokyo-Based Media Company Looking for UK/British Article Writers,4 weeks ago,$119,19,https://www.peopleperhour.com/freelance-jobs/writing/blog-article-writing/tokyo-based-media-company-looking-for-uk-british-article-wri-2726870
Website transfer and amendments,3 weeks ago,$150,19,https://www.peopleperhour.com/freelance-jobs/web-development/custom-website/website-transfer-and-amendments-2732381
Need a content writer for WEBSITE,2 weeks ago,$140,28,https://www.peopleperhour.com/freelance-jobs/writing/website-content/need-a-content-writer-for-website-2742954
I need a web content keywords,2 weeks ago,$10,16,https://www.peopleperhour.com/freelance-jobs/search-marketing/keyword-research/i-need-a-web-content-keywords-2743222
Google Ads Management for B2B Packaging Company,3 weeks ago,$148,30,https://www.peopleperhour.com/freelance-jobs/search-marketing/google-adwords/google-ads-management-for-b2b-packaging-company-2732199
"Full Stack Developer in Fulltime | HTML, CSS, JS, PHP, MySQL",3 weeks ago,$1.0k,60,https://www.peopleperhour.com/freelance-jobs/web-development/e-commerce/full-stack-developer-in-fulltime-html-css-js-php-mysql-2735017
I need to decrypt and remove the DRM of my ePUB files,4 weeks ago,$30,4,https://www.peopleperhour.com/freelance-jobs/software-development/other/i-need-to-decrypt-and-remove-the-drm-of-my-epub-files-2730176
Looking for a grant proposal for non-profit fundraising,4 weeks ago,$100,13,https://www.peopleperhour.com/freelance-jobs/writing/other/looking-for-a-grant-proposal-for-non-profit-fundraising-2725076
Experienced writer in english,2 weeks ago,$10,20,https://www.peopleperhour.com/freelance-jobs/business-support/other/experienced-writer-in-english-2743407
Market Research Data Entry Assistant,3 hours ago,$400,36,https://www.peopleperhour.com/freelance-jobs/admin/data-entry/market-research-data-entry-assistant-2762292
5 texts for phone sex website (only German native speakers),4 weeks ago,$66,8,https://www.peopleperhour.com/freelance-jobs/writing/website-content/5-texts-for-phone-sex-website-only-german-native-speakers-2729683
Need a photo editing in photoshop,2 weeks ago,$30/hr,97,https://www.peopleperhour.com/freelance-jobs/video-photo-audio/photo-retouching-editing/need-a-photo-editing-in-photoshop-2743780
I have a blog with mathematical equations that needs editing,2 weeks ago,$24/hr,10,https://www.peopleperhour.com/freelance-jobs/web-development/wordpress/i-have-a-blog-with-mathematical-equations-that-needs-editing-2745083
Local Veg Box Company Rebrand - UK Only,1 week ago,$237,24,https://www.peopleperhour.com/freelance-jobs/design/label-packaging/local-veg-box-company-rebrand-uk-only-2752295
I Need article Writer,4 weeks ago,$30,59,https://www.peopleperhour.com/freelance-jobs/writing/blog-article-writing/i-need-article-writer-2727833
Game Review Writer,3 weeks ago,$100,11,https://www.peopleperhour.com/freelance-jobs/writing/other/game-review-writer-2737490
Content Writer for E book,2 weeks ago,$80,27,https://www.peopleperhour.com/freelance-jobs/writing/e-book/content-writer-for-e-book-2747786
Global health Strategy Qualitative Project,4 weeks ago,$10,15,https://www.peopleperhour.com/freelance-jobs/business-support/other/global-health-strategy-qualitative-project-2725037
I need a logo designed,3 weeks ago,$83,68,https://www.peopleperhour.com/freelance-jobs/design/logo-design/i-need-a-logo-designed-2739237
LOOKING FOR UK BASED CALLIGRAPHERS FOR A PROJECT,4 weeks ago,$36,10,https://www.peopleperhour.com/freelance-jobs/writing/letter/looking-for-uk-based-calligraphers-for-a-project-2731099
Content Writer,3 weeks ago,$356,32,https://www.peopleperhour.com/freelance-jobs/marketing-pr/general-communications/content-writer-2737880
"Minimalist logo design, flyer design  and business card design",3 weeks ago,$107,55,https://www.peopleperhour.com/freelance-jobs/design/logo-design/minimalist-logo-design-flyer-design-and-business-card-desi-2735083
SEO for a Website,2 weeks ago,$10,23,https://www.peopleperhour.com/freelance-jobs/marketing-pr/other/seo-for-a-website-2744128
Step by Step actionable custom metrics & insights - GA,4 weeks ago,$90,3,https://www.peopleperhour.com/freelance-jobs/tutorials/writing/step-by-step-actionable-custom-metrics-insights-ga-2731850
I want ti get a cook book published,1 week ago,$79,8,https://www.peopleperhour.com/freelance-jobs/writing/ghost-writing/i-want-ti-get-a-cook-book-published-2751601
Theme based Quiz,6 days ago,$20,7,https://www.peopleperhour.com/freelance-jobs/writing/other/theme-based-quiz-2754146
Create basic Virtual Tour Software website,3 weeks ago,$222,13,https://www.peopleperhour.com/freelance-jobs/web-development/other/create-basic-virtual-tour-software-website-2711651
Freelance Community Manager: Weekends,4 hours ago,$12/hr,12,https://www.peopleperhour.com/freelance-jobs/social-media/community-management/freelance-community-manager-weekends-2733899
Tattoo design,4 weeks ago,$30/hr,21,https://www.peopleperhour.com/freelance-jobs/design/other/tattoo-design-2731361
"Chroma,music  and editing video",2 weeks ago,$200,18,https://www.peopleperhour.com/freelance-jobs/video-photo-audio/video-editing/chroma-music-and-editing-video-2748888
I need a flyer and a business card designed,3 weeks ago,$10,19,https://www.peopleperhour.com/freelance-jobs/design/brochure-flyer-leaflet/i-need-a-flyer-and-a-business-card-designed-2735385
Fork a public desktop client Java,4 weeks ago,$476/hr,17,https://www.peopleperhour.com/freelance-jobs/software-development/java-programming/fork-a-public-desktop-client-java-2724640
Experienced content writer (copywriting) for donation campaign,3 days ago,$33,12,https://www.peopleperhour.com/freelance-jobs/writing/copywriting/experienced-content-writer-copywriting-for-donation-campai-2758402
Psychic / Mediumship / Spiritual Content Writer Wanted,3 weeks ago,$77,31,https://www.peopleperhour.com/freelance-jobs/writing/website-content/psychic-mediumship-spiritual-content-writer-wanted-2735066
Shopify App to connect G2A APi,3 weeks ago,$356,19,https://www.peopleperhour.com/freelance-jobs/web-development/integration-administration/shopify-app-to-connect-g2a-api-2732808
Need a team for a new non-profit - focusing on nutrition.,3 weeks ago,$107,21,https://www.peopleperhour.com/freelance-jobs/writing/other/need-a-team-for-a-new-non-profit-focusing-on-nutrition-2732662
I need 500-800 word blogs around 4 per month on a regular basis,4 weeks ago,$95,56,https://www.peopleperhour.com/freelance-jobs/writing/blog-article-writing/i-need-500-800-word-blogs-around-4-per-month-on-a-regular-ba-2729043
"Looking for writer to post on searchenginewatch.com, and more +",4 weeks ago,$$$,15,https://www.peopleperhour.com/freelance-jobs/search-marketing/link-building/looking-for-writer-to-post-on-searchenginewatch-com-and-mor-2725119
120 sec. whiteboard Doodle,2 weeks ago,$65,22,https://www.peopleperhour.com/freelance-jobs/video-photo-audio/promotional-videos/120-sec-whiteboard-doodle-2741723
Add-on non transaction store  in Craft CMS existing website,4 weeks ago,$356,16,https://www.peopleperhour.com/freelance-jobs/web-development/other/add-on-non-transaction-store-in-craft-cms-existing-website-2725504
Bitcoin/Cryptocurrency Paper,3 weeks ago,$50,18,https://www.peopleperhour.com/freelance-jobs/writing/report-writing/bitcoin-cryptocurrency-paper-2736271
Content Writer needed in Pakistan Islamabad NEED TO BE IN OFFICE,3 weeks ago,$59,7,https://www.peopleperhour.com/freelance-jobs/search-marketing/other/content-writer-needed-in-pakistan-islamabad-need-to-be-in-of-2732939
Part-time admin help,3 weeks ago,$12/hr,52,https://www.peopleperhour.com/freelance-jobs/admin/personal-assistance/part-time-admin-help-2738521
2D Animation Expert,3 weeks ago,$150,19,https://www.peopleperhour.com/freelance-jobs/video-photo-audio/video-production/2d-animation-expert-2735820
Software Development for RFID tags,1 week ago,$500,6,https://www.peopleperhour.com/freelance-jobs/software-development/other/software-development-for-rfid-tags-2753366
Website content,4 weeks ago,$178,36,https://www.peopleperhour.com/freelance-jobs/writing/website-content/website-content-2729462
1x blog article - SEO Ghostwriting Fashion / Trends Article,3 weeks ago,$35,14,https://www.peopleperhour.com/freelance-jobs/writing/ghost-writing/1x-blog-article-seo-ghostwriting-fashion-trends-article-2734923
Health and wellness blogs and articles,4 weeks ago,$104,84,https://www.peopleperhour.com/freelance-jobs/writing/blog-article-writing/health-and-wellness-blogs-and-articles-2725461
Visual Intelligence Algorithm,3 days ago,$81,12,https://www.peopleperhour.com/freelance-jobs/software-development/c-c-programming/visual-intelligence-algorithm-2758655
Automatically save Office 365 Forms to Google Drive files,3 weeks ago,$59,10,https://www.peopleperhour.com/freelance-jobs/software-development/other/automatically-save-office-365-forms-to-google-drive-files-2736524
Build new Adwords Campaign,3 weeks ago,$169,24,https://www.peopleperhour.com/freelance-jobs/search-marketing/google-adwords/build-new-adwords-campaign-2736577
Ghost writer,2 weeks ago,$474,34,https://www.peopleperhour.com/freelance-jobs/writing/e-book/ghost-writer-2732764
Andorid App,3 weeks ago,$326,14,https://www.peopleperhour.com/freelance-jobs/software-development/other/andorid-app-2740806
SEO Website Content Proofreader / Editor,2 weeks ago,$25/hr,27,https://www.peopleperhour.com/freelance-jobs/writing/blog-article-writing/seo-website-content-proofreader-editor-2749633
We need to come up with and describe the simplest Android games,2 weeks ago,$200,6,https://www.peopleperhour.com/freelance-jobs/writing/technical-writing/we-need-to-come-up-with-and-describe-the-simplest-android-ga-2744652
Need new designs every month around social issues for Merch,4 days ago,$30,16,https://www.peopleperhour.com/freelance-jobs/design/t-shirt-clothing/need-new-designs-every-month-around-social-issues-for-merch-2757508
"I am Looking for Blockchain, Fintech Journalist or Copywriter",1 week ago,$500,19,https://www.peopleperhour.com/freelance-jobs/writing/blog-article-writing/i-am-looking-for-blockchain-fintech-journalist-or-copywrite-2752451
SEO for my UK payroll Wordpress website,3 weeks ago,$125,40,https://www.peopleperhour.com/freelance-jobs/search-marketing/other/seo-for-my-uk-payroll-wordpress-website-2736897
C# .Net Core library developer,1 week ago,$24/hr,29,https://www.peopleperhour.com/freelance-jobs/web-development/other/c-net-core-library-developer-2754415
Screenwriter,4 weeks ago,$119,17,https://www.peopleperhour.com/freelance-jobs/writing/screen-script-writing/screenwriter-2730705
Simplistic but effective one product shopify store design,3 weeks ago,$59,15,https://www.peopleperhour.com/freelance-jobs/design/website-design/simplistic-but-effective-one-product-shopify-store-design-2734733
Data Entry Expert Needed in India,2 weeks ago,$100,85,https://www.peopleperhour.com/freelance-jobs/writing/other/data-entry-expert-needed-in-india-2745441
Alumni Project - Platanos College,3 weeks ago,$33/hr,9,https://www.peopleperhour.com/freelance-jobs/marketing-pr/general-communications/alumni-project-platanos-college-2739640
High design personal branding website needed. Just 3 sub pages.,7 days ago,$593,27,https://www.peopleperhour.com/freelance-jobs/design/website-design/high-design-personal-branding-website-needed-just-3-sub-pag-2755138
Introduction Pitch for tradesmen to enter our database,1 week ago,$36,3,https://www.peopleperhour.com/freelance-jobs/writing/other/introduction-pitch-for-tradesmen-to-enter-our-database-2753762
Red Squirrel Performance Affiliate Network Website Design UK,3 weeks ago,$77,13,https://www.peopleperhour.com/freelance-jobs/web-development/custom-website/red-squirrel-performance-affiliate-network-website-design-uk-2736160
Professional Logo,4 weeks ago,$12,42,https://www.peopleperhour.com/freelance-jobs/design/logo-design/professional-logo-2726773
"Google Ads Specialist (in French, Spanish and Portuguese)",3 weeks ago,$14/hr,12,https://www.peopleperhour.com/freelance-jobs/search-marketing/keyword-research/google-ads-specialist-in-french-spanish-and-portuguese-2734584
"Content Writer, Publicist for Print and Digital (Medical)",3 weeks ago,$50,16,https://www.peopleperhour.com/freelance-jobs/marketing-pr/press-media-relations/content-writer-publicist-for-print-and-digital-medical-2733073
Journalist for part time magazine,3 weeks ago,$18,16,https://www.peopleperhour.com/freelance-jobs/writing/blog-article-writing/journalist-for-part-time-magazine-2732642
Content writer to help finetune website in TCM/healthcare clinic,4 weeks ago,$150,5,https://www.peopleperhour.com/freelance-jobs/writing/copywriting/content-writer-to-help-finetune-website-in-tcm-healthcare-cl-2729401
"Adult site - SEO strategy, optimisation and implementation",1 week ago,$593,39,https://www.peopleperhour.com/freelance-jobs/search-marketing/on-site-seo/adult-site-seo-strategy-optimisation-and-implementation-2750119
Pattern Cutter,4 weeks ago,$77,11,https://www.peopleperhour.com/freelance-jobs/creative-arts/apparel-design-print/pattern-cutter-2728917
Services for media monitoring,1 day ago,$500,3,https://www.peopleperhour.com/freelance-jobs/marketing-pr/press-media-relations/services-for-media-monitoring-2760608
"Digital content writer: blogs, info-graphics, articles",4 weeks ago,$1.0k,17,https://www.peopleperhour.com/freelance-jobs/writing/other/digital-content-writer-blogs-info-graphics-articles-2730037
Canva Creative | Entry Level | IMMEDIATE JOB / Graphic designer,1 week ago,$$,16,https://www.peopleperhour.com/freelance-jobs/design/illustration-graphics/canva-creative-entry-level-immediate-job-graphic-desig-2752614
Crowdfunding for New Product Range,3 weeks ago,$178,12,https://www.peopleperhour.com/freelance-jobs/writing/website-content/crowdfunding-for-new-product-range-2738852
IOS and Android developer for IoT project,2 weeks ago,$59/hr,41,https://www.peopleperhour.com/freelance-jobs/mobile/iphone-app/ios-and-android-developer-for-iot-project-2741348
"Social Media, Content & Graphic Design | IT Service Provider",2 weeks ago,$36/hr,27,https://www.peopleperhour.com/freelance-jobs/social-media/other/social-media-content-graphic-design-it-service-provider-2746992
EBook - Natural remedies for pulmonary  disease,3 days ago,$50,18,https://www.peopleperhour.com/freelance-jobs/writing/ghost-writing/ebook-natural-remedies-for-pulmonary-disease-2758820
Copywriting for a Saas Website,4 weeks ago,$142,14,https://www.peopleperhour.com/freelance-jobs/writing/copywriting/copywriting-for-a-saas-website-2730089
Need a professional set of brand assets and website building,3 weeks ago,$474,19,https://www.peopleperhour.com/freelance-jobs/design/other/need-a-professional-set-of-brand-assets-and-website-building-2736083
Social Media Maximiser,4 weeks ago,$213,12,https://www.peopleperhour.com/freelance-jobs/social-media/community-management/social-media-maximiser-2724702
Magento Developers Wanted,1 week ago,$297,36,https://www.peopleperhour.com/freelance-jobs/web-development/magento/magento-developers-wanted-2752842
Music producer needed for a upcoming Famestars album,2 weeks ago,$10.0k,15,https://www.peopleperhour.com/freelance-jobs/video-photo-audio/music-production/music-producer-needed-for-a-upcoming-famestars-album-2744845
SAAS (Software As A Services)  Content Marketing,3 weeks ago,$20/hr,12,https://www.peopleperhour.com/freelance-jobs/marketing-pr/other/saas-software-as-a-services-content-marketing-2739840
Need a Guest Blog on Harvard.edu & Cornell.edu Websites,4 weeks ago,$120,11,https://www.peopleperhour.com/freelance-jobs/writing/other/need-a-guest-blog-on-harvard-edu-cornell-edu-websites-2728790
Copywriting for website,2 days ago,$178,17,https://www.peopleperhour.com/freelance-jobs/writing/website-content/copywriting-for-website-2753529
Experienced WordPress developers needed,1 week ago,$166,66,https://www.peopleperhour.com/freelance-jobs/web-development/wordpress/experienced-wordpress-developers-needed-2751859
Expired domain catcher script EPP protocol,3 weeks ago,$383,9,https://www.peopleperhour.com/freelance-jobs/web-development/other/expired-domain-catcher-script-epp-protocol-2731996
"Virtual Assistant for Inbound Sales, Customer Services and Admin",4 weeks ago,$24/hr,45,https://www.peopleperhour.com/freelance-jobs/business-support/business-development/virtual-assistant-for-inbound-sales-customer-services-and-a-2727261
Freelancer required to create simple Flyer,1 week ago,$50,34,https://www.peopleperhour.com/freelance-jobs/design/brochure-flyer-leaflet/freelancer-required-to-create-simple-flyer-2749806
Design of Light-box Poster in Photoshop,7 days ago,$101,16,https://www.peopleperhour.com/freelance-jobs/design/other/design-of-light-box-poster-in-photoshop-2754838
Turn .PSD into functional WordPress with all needed features,4 weeks ago,$100,13,https://www.peopleperhour.com/freelance-jobs/web-development/wordpress/turn-psd-into-functional-wordpress-with-all-needed-features-2724863
Infographic and Charts,4 weeks ago,$84,24,https://www.peopleperhour.com/freelance-jobs/business-support/data-analysis/infographic-and-charts-2725043
FREELANCE ENGLISH CONTENT WRITER,3 weeks ago,$28/hr,19,https://www.peopleperhour.com/freelance-jobs/writing/editing-proofreading/freelance-english-content-writer-2737638
"Compelling, researched articles for UK cleaning site (UK Only)",4 weeks ago,$59,20,https://www.peopleperhour.com/freelance-jobs/writing/blog-article-writing/compelling-researched-articles-for-uk-cleaning-site-uk-onl-2731884
Customer Service Advisor,4 weeks ago,$23/hr,43,https://www.peopleperhour.com/freelance-jobs/admin/customer-service/customer-service-advisor-2729411
Affiliate website for Clickbank and Amazon,4 weeks ago,$250,5,https://www.peopleperhour.com/freelance-jobs/web-development/other/affiliate-website-for-clickbank-and-amazon-2730946
A comedy script written for a one-minute video,4 weeks ago,$100,13,https://www.peopleperhour.com/freelance-jobs/writing/screen-script-writing/a-comedy-script-written-for-a-one-minute-video-2724550
"PR person - regular ongoing work (reading, london)",2 weeks ago,$34/hr,9,https://www.peopleperhour.com/freelance-jobs/marketing-pr/press-releases/pr-person-regular-ongoing-work-reading-london-2745929
"Long term copywriting, possible YouTube videos, other content",4 weeks ago,$$,10,https://www.peopleperhour.com/freelance-jobs/writing/copywriting/long-term-copywriting-possible-youtube-videos-other-conten-2731230
Form Building which connects to software via API,3 weeks ago,$$$,8,https://www.peopleperhour.com/freelance-jobs/software-development/integration-api/form-building-which-connects-to-software-via-api-2732506
Social Media Management,3 weeks ago,$352,36,https://www.peopleperhour.com/freelance-jobs/social-media/social-media-strategy/social-media-management-2732325
Content researcher/curator & social media scheduler,3 days ago,$119,25,https://www.peopleperhour.com/freelance-jobs/social-media/other/content-researcher-curator-social-media-scheduler-2758342
Luxury Brand Instagram Social Media Manager + Ads,2 weeks ago,$474,44,https://www.peopleperhour.com/freelance-jobs/social-media/social-media-strategy/luxury-brand-instagram-social-media-manager-ads-2744740
Administrative manager,3 weeks ago,$1.5k,34,https://www.peopleperhour.com/freelance-jobs/admin/virtual-assistance/administrative-manager-2733989
Event Manager From Start To Finish for Workshops in London,4 weeks ago,$28/hr,15,https://www.peopleperhour.com/freelance-jobs/marketing-pr/other/event-manager-from-start-to-finish-for-workshops-in-london-2730646
Native English teacher,4 weeks ago,$10,9,https://www.peopleperhour.com/freelance-jobs/tutorials/languages/native-english-teacher-2725959
TO SET-UP E-COMMERCE WEB APPLICATION PROJECT,4 weeks ago,$775,31,https://www.peopleperhour.com/freelance-jobs/software-development/application-development/to-set-up-e-commerce-web-application-project-2724652
Software Quality Assurance Tester - On Site,3 weeks ago,$200,"",https://www.peopleperhour.com/freelance-jobs/software-development/software-testing/software-quality-assurance-tester-on-site-2740332
Full Stack JavaScript Developer - Senior (Remote),3 weeks ago,$10/hr,19,https://www.peopleperhour.com/freelance-jobs/software-development/application-development/full-stack-javascript-developer-senior-remote-2734087
Web Redesign,5 days ago,$50/hr,51,https://www.peopleperhour.com/freelance-jobs/web-development/wordpress/web-redesign-2756653
Social Media Automation (Instagram) professional is needed,3 weeks ago,$332,10,https://www.peopleperhour.com/freelance-jobs/social-media/other/social-media-automation-instagram-professional-is-needed-2736695
900 Aurora branded Products (General Lighting Products),3 weeks ago,$1.6k,31,https://www.peopleperhour.com/freelance-jobs/writing/product-description-review/900-aurora-branded-products-general-lighting-products-2735587
IT Industry Research: Digital Behavioral Identification,2 weeks ago,$114,10,https://www.peopleperhour.com/freelance-jobs/writing/blog-article-writing/it-industry-research-digital-behavioral-identification-2748915
Backlinks - Read Description,1 week ago,$200,12,https://www.peopleperhour.com/freelance-jobs/search-marketing/link-building/backlinks-read-description-2752904
Recording 4 scenarios,2 weeks ago,$$,3,https://www.peopleperhour.com/freelance-jobs/writing/screen-script-writing/recording-4-scenarios-2741456
"Long-term Part/Full-time Software Dev Project Manager (UK based, native English!)",1 week ago,$24/hr,19,https://www.peopleperhour.com/freelance-jobs/software-development/other/long-term-part-full-time-software-dev-project-manager-uk-ba-2747335
Amazon FBA Virtual Assistant VA Full Time $300 per month + Bonus,3 weeks ago,$300,10,https://www.peopleperhour.com/freelance-jobs/business-support/business-development/amazon-fba-virtual-assistant-va-full-time-300-per-month-b-2734072
We need our current website redesigned according to a new spec,3 weeks ago,$404,20,https://www.peopleperhour.com/freelance-jobs/web-development/custom-website/we-need-our-current-website-redesigned-according-to-a-new-sp-2736534
We need an organised VA/Production Manager,4 weeks ago,$18/hr,24,https://www.peopleperhour.com/freelance-jobs/business-support/other/we-need-an-organised-va-production-manager-2725303
I need a Wordpress website built for an online travel agency,2 weeks ago,$500,50,https://www.peopleperhour.com/freelance-jobs/web-development/wordpress/i-need-a-wordpress-website-built-for-an-online-travel-agency-2743799
2D Character Animation,4 weeks ago,$949,44,https://www.peopleperhour.com/freelance-jobs/design/animation/2d-character-animation-2725351
Remote/Freelance Full-stack Web Developer,2 weeks ago,$500,34,https://www.peopleperhour.com/freelance-jobs/web-development/other/remote-freelance-full-stack-web-developer-2746742
Help me research and categorise a list of 500 retail websites,7 days ago,$95,12,https://www.peopleperhour.com/freelance-jobs/web-development/other/help-me-research-and-categorise-a-list-of-500-retail-website-2754973
Looking for a 5 - 15 minute Cinematic Short Film/Story Trailer.,2 weeks ago,$$$,13,https://www.peopleperhour.com/freelance-jobs/design/animation/looking-for-a-5-15-minute-cinematic-short-film-story-trail-2746209
CV and Covver letter for Procurement Buyer position,2 weeks ago,$$,13,https://www.peopleperhour.com/freelance-jobs/writing/cv-cover-letter/cv-and-covver-letter-for-procurement-buyer-position-2748998
Mobile App (iOS & Android),4 weeks ago,$50,25,https://www.peopleperhour.com/freelance-jobs/mobile/other/mobile-app-ios-android-2723724
Build and Design a website that will help heal millions,4 weeks ago,$593,19,https://www.peopleperhour.com/freelance-jobs/web-development/other/build-and-design-a-website-that-will-help-heal-millions-2730725
Project Manager,3 months ago,$335,81,https://www.peopleperhour.com/freelance-jobs/business-support/other/project-manager-2647887
